CtnNum,Uw_cpu,Xw,Res
2,0.0012809874489795917,0.0,6796
6,0.4812751493974898,22.096595384144905,176799
4,0.2533436650479798,0.039346775780994644,