CtnNum,Uw_cpu,Xw,Res
1,0.018724765656565657,0.0,304354
5,0.005875574242424243,0.0,281158
7,0.005977412121212121,0.0,323383
7,0.008321404825485173,0.0,361935
