CtnNum,Uw_cpu,Xw,mtp,NewCtnNum,ActNewCtnNum
1,0.10953250947368422,14.993066221279294,1,