CtnNum,Uw_cpu,Xw,mtp,NewCtnNum,ActNewCtnNum
1,0.8145562303370787,16.431055138338674,1,0.1505295898989899,17.22932915465666,