CtnNum,Uw_cpu,Xw,mtp,NewCtnNum,ActNewCtnNum
1,0.2736591755319149,16.482040002830097,1,0.16034576082474228,18.120368797149162,