CtnNum,Uw_cpu,Xw,mtp,NewCtnNum,ActNewCtnNum
1,0.1744699206185567,18.236745573918164,1,0.1322085469387755,17.334569603365928,