CtnNum,Uw_cpu,Xw,mtp,NewCtnNum,ActNewCtnNum
1,0.08289924693877551,13.675334706993766,1,0.09726543673469387,18.331926732495496,1,