CtnNum,Uw_cpu,Xw,mtp,NewCtnNum,ActNewCtnNum
1,0.0011120222222222222,0.0,1,0.000799441,0.0,1,0.0009065373737373737,7.309582529248934,